名字,粉丝数,文章数量,国家,简介,详情页的url,图片url
肌肤之钥 clé de Peau Beauté,3.9万,5.5万,日本,品牌名来自法语'一把美丽肌肤的钥匙'。殿堂级品牌，以优质的肌肤护理及彩妆理念，帮助肌肤自身优化，展现简约高贵的妆容。,https://www.xiaohongshu.com/page/brands/5a4384978000862471d15b7b,http://ci.xiaohongshu.com/d633b8f7-d426-41ba-ad8a-7a11ed129d27
MICHAEL KORS 迈克高仕,1.7万,2.7万,美国,MICHAEL KORS 以其设计师名字命名，1981年创立于美国，产品涵盖男女成衣、手袋、鞋履、配饰、腕表、香氛，以及女士珠宝。品牌始终致力于传递精致的 JET SET 生活态度。,https://www.xiaohongshu.com/page/brands/5a4384858000862471d144ba,http://ci.xiaohongshu.com/31c60412-0277-46e4-b499-93b5713a36b7
VDL,None,5127,韩国,世界著名彩妆大师Wendy Rowe和韩国LG携手打造的重磅级彩妆品牌，其当家产品是贝壳提亮液。,https://www.xiaohongshu.com/page/brands/5a43848d8000862471d14f00,http://ci.xiaohongshu.com/a454501b-ab29-456d-b799-a74479342c77
HABA,None,1.3万,日本,HABA=Health Aid Beauty Aid，是源自北海道的日本护肤品牌。自1983年创立以来，它坚持“无添加主义”，用优质严苛的工艺为爱美女性提供温和的护肤品，敏感肌也能安心用。,https://www.xiaohongshu.com/page/brands/5a43849c8000862471d16212,http://ci.xiaohongshu.com/673644d6-52e9-4207-ac78-82cf549d9217
珂莱欧 CLIO,2502,9267,韩国,珂莱欧将多年专业的彩妆经验，创新性的融入高品质的产品中，让各肤质类型和各年龄段的人群都能轻松搞定如专业彩妆师级别精致妆容，打造更时髦的都市女性；菲丽菲拉针对妙龄少女，提供更具时尚潮流、个性化需求的魅力彩妆；果达儿专注寻找对肌肤有益的自然原料，研究改善肌肤的配方让皮肤更活力健康。,https://www.xiaohongshu.com/page/brands/5a43849a8000862471d1600f,http://ci.xiaohongshu.com/0285c6ad-e8c8-400d-865f-02b233d87d55
圣罗兰 Saint Laurent,8.8万,10.1万,法国,Saint Laurent的设计始终充满危险与神秘的诱惑力，自由大胆，引领当下潮流。,https://www.xiaohongshu.com/page/brands/5a4384848000862471d143a9,http://ci.xiaohongshu.com/807cf462-270c-499b-99c9-b98f2b5ab37d
乐敦 Rohto,331,8175,日本,乐敦是曼秀雷敦药业有限公司旗下的日本国民品牌，有“专业护眼专家”之称。,https://www.xiaohongshu.com/page/brands/5a4384818000862471d1401e,http://ci.xiaohongshu.com/de57880b-c8b6-498e-a3b3-719fa8a5746c
MCM,7299,1.8万,德国,来自德国的奢侈皮具品牌，明星街拍出镜率超高，已经成为潮人的时尚风向标。,https://www.xiaohongshu.com/page/brands/5a4384828000862471d140e9,http://ci.xiaohongshu.com/09fb13db-2d51-47d4-94a0-74919c39ac3d
华伦天奴 Valentino,None,2.2万,意大利,Valentino是知名的意大利高级时装品牌，精美奢华，追求时尚与经典的融合。,https://www.xiaohongshu.com/page/brands/5a4384848000862471d14421,http://ci.xiaohongshu.com/dcb161c6-d52a-4e82-8eb3-7293742004f7
汤姆·福特 TOM FORD,None,5.5万,美国,设计师Tom ford创立的个人品牌，大胆充满时尚感的设计和艳丽魅惑的色彩是很多小红薯的心头爱。,https://www.xiaohongshu.com/page/brands/5a4384808000862471d13f59,http://ci.xiaohongshu.com/57e9f17b-9f49-4772-9ef6-9c5c35e02355
蒂佳婷 Dr.Jart+,5.2万,1.1万,韩国,Dr.Jart+是来自韩国的药妆品牌，同时也是韩国的BB霜始祖。品牌寓意为”Dr.”与”art”相结合，把理性、信任的专业背景与感性、热情、快乐的护肤艺术相融合。,https://www.xiaohongshu.com/page/brands/5a4384948000862471d15791,http://ci.xiaohongshu.com/f7065d4b-cda5-4d5f-86f1-3114cae235cf
伊索 Aesop,None,1.3万,澳洲,澳洲天然护肤品牌，在天然植物护肤的基础上率先推行有机理念，并结合内外调理的“理智”生活哲学，是美容界的“偏力”品牌。,https://www.xiaohongshu.com/page/brands/5a4384828000862471d14118,http://ci.xiaohongshu.com/4ef3bab5-f171-4257-aeb8-0dcae4ab63e4
苏秘37° su:m37°,3.2万,8978,韩国,LG生活健康旗下的护肤品牌，设有单独的自然发酵研究所，拥有生命，真诚，等待的品牌哲学。配合风、水、空气和自然的韵律，在37°的恒温中自然发酵出温和安心的护肤产品，多个系列满足不同肤质不同年龄层的需求。,https://www.xiaohongshu.com/page/brands/5a43849b8000862471d16064,http://ci.xiaohongshu.com/bd5e9997-3073-4dc4-aed7-4ca5f9974595
汤丽柏琦 Tory Burch,4750,1.4万,美国,美国轻奢品牌，充满个性的设计广受欢迎。,https://www.xiaohongshu.com/page/brands/5a4384968000862471d15acd,http://ci.xiaohongshu.com/ddf98aab-2761-4fcd-b29a-333f940ac927
Boots,None,5964,英国,Boots是一个超过150年历史的英国美容及护肤品牌，凭着高质量的产品与吸引人的价格深受英国及全世界人民信赖。,https://www.xiaohongshu.com/page/brands/5a4384818000862471d1401b,http://ci.xiaohongshu.com/7d0cb614-8cec-412e-a1b1-8e6b17a5e30a
岚舒 LUSH,None,1.2万,英国,LUSH是来自英国的美妆品牌。坚持全手工制作产品，全天然的成分导致保质期极短，让无数红薯又爱又恨。,https://www.xiaohongshu.com/page/brands/5a4384908000862471d1539b,http://ci.xiaohongshu.com/c4b96d44-fd1b-4cca-9b0d-0db0862bb8d6
膳魔师 THERMOS,16,6519,德国,1904年在德国创立，因为优越的保温性能，已经成为保温瓶全球通用的称呼，更是保温容器的始祖哦。材质轻便好携带，又非常耐用。不论是充满设计感的外观还是保温质量都非常棒，中午的开水晚上喝还烫到嘴，隔天还有余温。,https://www.xiaohongshu.com/page/brands/5a4384a18000862471d16838,http://ci.xiaohongshu.com/e16c520b-7055-4bc7-bbd1-fd0a4b3a8cae
ZARA,2.4万,11.4万,西班牙,"西班牙Inditex集团旗下的服装品牌，深受时尚青年的喜爱，有设计师品牌的优异设计，价格却更为亲民，让平民拥抱高街品牌。凭借一支200多名专业人士的创作团队，设计始终紧跟大众口味。第一家门店于1975年在西班牙拉科鲁尼亚开设，目前已拥有1,900多家店遍布世界87个市场主要城市。",https://www.xiaohongshu.com/page/brands/5a4384888000862471d1493d,http://ci.xiaohongshu.com/0f6b3861-a1c1-424c-83f4-e8b9b7644e71
娜斯 NARS,6.5万,4.6万,美国,来自美国的专业彩妆品牌，包装是经典的黑色，加上个性的Logo来表现品牌的极简精神。不管在色彩的运用还是产品的创意上都相当时尚，是欧美明星大爱的彩妆品牌哟~,https://www.xiaohongshu.com/page/brands/5a43849e8000862471d1644c,http://ci.xiaohongshu.com/6fbb4627-bafa-4c13-9882-1548a282c19e
伊蒂之屋 Etude House,None,2.8万,韩国,韩国爱茉莉太平洋集团旗下的知名彩妆品牌，走甜美浪漫的少女风，从护肤到彩妆都是可爱俏皮又有趣的设计，粉粉嫩嫩的风格俘虏了无数小红薯的心！,https://www.xiaohongshu.com/page/brands/5a4384948000862471d1580b,http://ci.xiaohongshu.com/0b0c12f3-9177-3ba5-99d8-49a500bad3bd
祖·玛珑 Jo Malone London,4.2万,2.5万,英国,英国知名品牌祖马龙JO MALONE，属于雅诗兰黛集团，其香水以简单而纯粹的特质受到诸多的明星喜爱。简约别致的包装，透露着浓厚的英伦风情。,https://www.xiaohongshu.com/page/brands/5a4384978000862471d15b6a,http://ci.xiaohongshu.com/affd2a39-5e98-4a43-b63b-88b04409c9e7
自然乐园 Nature Republic,None,5577,韩国,自然乐园是韩国化妆品界的一匹黑马；包装精致，质地温和，每一件产品都源于大自然，绿色环保。,https://www.xiaohongshu.com/page/brands/5a4384818000862471d14012,http://ci.xiaohongshu.com/37985553-d97c-4ec1-91b3-91ebb1c40945
施华洛世奇 SWAROVSKI,3.4万,3.2万,奥地利,创始于1895年，致力于为你创造闪耀时刻,https://www.xiaohongshu.com/page/brands/5a4384908000862471d15394,http://ci.xiaohongshu.com/48b7c233-9400-4dc2-b97e-f4dc86351239
美宝莲 Maybelline,15.8万,1.8万,美国,美宝莲纽约，是闪耀纽约精神的彩妆品牌。一百多年前，美国化学家Tomas Williams为了让妹妹Mable拥有迷人双眼，创造出了世界上首支睫毛膏，Maybelline也因爱而生。美宝莲纽约激发所有女性定义自己的美，表达自我和彰显个性。美，就现在！,https://www.xiaohongshu.com/page/brands/5a43848e8000862471d150e6,http://ci.xiaohongshu.com/40e50f6e-7478-4487-a5a2-db44d028286a
凯朵,None,1.3万,日本,KATE是在化妆品市场人气颇高的品牌。走的是平价路线，彩妆是最价廉物美的，尤其是眼影盘，多次荣登日本时尚杂志“眼影盘评选”的榜首。,https://www.xiaohongshu.com/page/brands/5a4384828000862471d14121,http://ci.xiaohongshu.com/d5514fa8-86e8-5b12-b54a-77511c16e800
星巴克 Starbucks,1.5万,3.3万,美国,星巴克诞生于美国西雅图，靠咖啡豆起家，自1987年正式成立以来一跃成为巨型连锁咖啡集团，其飞速发展的传奇让全球瞩目。,https://www.xiaohongshu.com/page/brands/5a43848a8000862471d14be6,http://ci.xiaohongshu.com/90da521f-862c-4e28-800e-2793d8333953
雪花秀 Sulwhasoo,8.4万,2.7万,韩国,平衡与和谐，是雪花秀追寻的美丽本源。雪花秀于自然中获取智慧，其原料和配方，不仅能精心养护肌肤，调理肌肤内在的平衡，更能滋润心灵，达到自然与人的和谐之美，力求外表与内在的和谐统一。,https://www.xiaohongshu.com/page/brands/5a4384998000862471d15e9c,http://ci.xiaohongshu.com/40ef5fff-6edf-4527-852d-b7a0e873026b
安娜苏 Anna Sui,16,7077,美国,安娜苏是世界著名的时装及彩妆品牌。产品具有极强的迷惑力，无论服装、配件还是彩妆，都能让人感觉到一种抢眼的、近乎妖艳的色彩震撼。,https://www.xiaohongshu.com/page/brands/5a4384878000862471d1484e,http://ci.xiaohongshu.com/3a17ff4e-4712-4df5-9778-af52b4dac5a0
kate spade new york kate spade,4262,8898,美国,kate spade new york 1993年成立于美国纽约，以优雅的格调、摩登的设计、别致的色彩缔造了独具魅力的品牌风格，诠释了乐观积极的现代女性精神。,https://www.xiaohongshu.com/page/brands/5a4384828000862471d14114,http://ci.xiaohongshu.com/059ae3da-d213-4df3-bdee-e0344b012ad0
大创 DAISO,None,7609,日本,Daiso成立于1972年，是日本百元店的元老。丰富的品种和新奇的产品成为大创的特色。,https://www.xiaohongshu.com/page/brands/5a4384968000862471d15ad9,http://ci.xiaohongshu.com/5b9bb981-fbcf-4252-b14f-9867b76de47e
SK-II,7.6万,4.3万,日本,日本高端护肤品牌，以“晶莹剔透”为品牌理念，尤其深受亚洲女性的欢迎。肤精华露、肌源修护精华露、肌源修护精华霜和肌源修护焕采眼霜+逆磁力微导仪是它家的四大王牌。,https://www.xiaohongshu.com/page/brands/5a43849b8000862471d16102,http://ci.xiaohongshu.com/07d23bf2-ece7-48ad-b5e8-56a83cf80411
吉尔斯图尔特 JILL STUART,32,6178,美国,Jill Stuart作为非常少女心的彩妆品牌，甜美可爱的设计风格深受年轻女孩喜爱，四色眼影和腮红都是红薯的爱用彩妆品。,https://www.xiaohongshu.com/page/brands/5a4384818000862471d1405a,http://ci.xiaohongshu.com/7fc0148a-e26f-4719-99ba-0cbb2cda515b
罗拉玛斯亚 Laura Mercier,None,7564,法国,Laura Mercier是法国彩妆大师Laura Mercier创立的个人专业彩妆品牌，打造精致的底妆是品牌开始的主要理念。妆前乳、散粉都是它家的明星的产品，持妆效果让油皮都能感动哭~,https://www.xiaohongshu.com/page/brands/5a4384838000862471d142b7,http://ci.xiaohongshu.com/337e29c6-0849-4121-9ff2-7d1af8dcfeb6
小林制药 Kobayashi,None,7850,日本,日本著名制药企业，致力于开发生产生活必备品，创造专业品牌，满足消费者各方面需求。让每一位消费者都拥有“身心的舒适健康”。,https://www.xiaohongshu.com/page/brands/5a43848a8000862471d14bdd,http://ci.xiaohongshu.com/f94119d5-12d4-433b-a622-cb8d265e5bba
希思黎 sisley,6.7万,1.1万,法国,法国高端植物护肤品牌，贵妇品牌中的全能冠军！,https://www.xiaohongshu.com/page/brands/5a43848d8000862471d14ef9,http://ci.xiaohongshu.com/584f3230-83a8-4cfd-871b-7835706aeb8a
Swisse,27.8万,1.8万,澳大利亚,1969年创立于墨尔本的健康食品品牌，被各大网红、名人推荐，且深受明星的欢迎。在选材和产品配方的研发上及其严格，现在产品涵盖了男士、女士复合维生素、膳食补充剂、乃至运动营养、护肤品和功能食品，销售网络拓宽至30多个国家。,https://www.xiaohongshu.com/page/brands/5a4384818000862471d140c7,http://ci.xiaohongshu.com/c643ac7f-e1e1-428f-ab27-a8a16e3b1c63
后 The History of Whoo,5.3万,2.2万,韩国,是属于LG的韩国高端护肤品牌，WHOO后的品牌价值与理念，就是对高品位、高格调之美的追求。奢华的宫廷风格让广大小红薯为之倾心。,https://www.xiaohongshu.com/page/brands/5a4384848000862471d14498,http://ci.xiaohongshu.com/337f624c-1954-4c06-804d-cd34637d4e6f
耐克 Nike,None,6.3万,美国,全球著名体育品牌商，强大的运动性能和时尚的外形设计使他广受追捧。,https://www.xiaohongshu.com/page/brands/5a43848a8000862471d14be3,http://ci.xiaohongshu.com/b82c04e9-9d35-49a6-a811-a2216823ee5e
植村秀 shu uemura,None,2.4万,日本,植村秀品牌由具有传奇经历的日本彩妆大师——植村秀先生创立。秉承着“自然、科学、艺术”的日式美妆哲学，和“美丽妆容始于完美肌肤”的理念，打造了领先时尚的彩妆、创新高效的保养及质量卓越的刷具组，并以「简约而丰富」的创作风格呈现于世。,https://www.xiaohongshu.com/page/brands/5a43848e8000862471d150a6,http://ci.xiaohongshu.com/66806490-c95b-3aff-868d-5dbea22fc8f8
拉杜丽 Laduree,None,5908,日本,以马卡龙甜点为设计元素的日本彩妆品牌，高颜值的外表和超好用的实力产品，俘获了许多少女心的女性。,https://www.xiaohongshu.com/page/brands/5a43847e8000862471d13be5,http://ci.xiaohongshu.com/d0cb30e7-4ac4-4db3-bea5-67ac5174f521
DHC  ,2.9万,9763,日本,DHC作为日本通信销售化妆品知名品牌，30年来致力于打造天然、温和高效的护肤、彩妆及健康食品。DHC橄榄卸妆油、纯橄情焕采精华油、护唇膏等深受亚洲、乃至全球爱美人士的喜爱！,https://www.xiaohongshu.com/page/brands/5a4384828000862471d141a8,http://ci.xiaohongshu.com/1feb05db-16f6-4bee-b543-d7429bce2364
维多利亚的秘密 Victoria's Secret,1.2万,1.2万,美国,美国知名女性内衣品牌，Victoria's Secret就是性感的象征。,https://www.xiaohongshu.com/page/brands/5a4384828000862471d140f9,http://ci.xiaohongshu.com/9d3373b6-d77c-4fc6-87be-3c43635e4073
资生堂 Shiseido,5.6万,6.1万,日本,日本知名的老牌化妆品品牌，从年轻到熟龄，从平价到奢侈，护肤及彩妆系列众多，能够满足不同爱美女性的需求。,https://www.xiaohongshu.com/page/brands/5a4384848000862471d143af,http://ci.xiaohongshu.com/4c36714c-9f7f-4ae3-9132-d1849a35a34b
欧缇丽 CAUDALIE,1.5万,1.5万,法国,1993年欧缇丽诞生于法国，推出了一系列以葡萄藤，葡萄蔓和葡萄萃取物为主要成分的抗衰老护肤产品。以其天然，高效和迷人的品牌文化成为法国及分布世界25个国家的知名天然护肤品牌。,https://www.xiaohongshu.com/page/brands/5a4384908000862471d15398,http://ci.xiaohongshu.com/b396a143-8da4-4a5c-b971-95861e11344e
宝丽 POLA,1483,2万,日本,日本高端化妆品品牌代表之一，有内服保养，洗护个护，及从平价到贵妇的多条护肤线，能够满足不同爱美人士的需求。,https://www.xiaohongshu.com/page/brands/5a43848a8000862471d14be5,http://ci.xiaohongshu.com/9e61b997-7e52-4f36-9c35-5019186bec87
松下 Panasonic,5.8万,8946,日本,日本著名电子产品制造商，口碑很好，种类多样，从影像器材、音箱、磁性记录产品到通讯器材、车载设备、家用电器等方面都有，能够满足小红薯不同的需求，质量很好，非常耐用。,https://www.xiaohongshu.com/page/brands/5a43849e8000862471d163b9,http://ci.xiaohongshu.com/e49cdf33-1fa3-45b0-b80d-77b1c2c6b97d
丝芙兰 SEPHORA,None,2.9万,法国,全球化妆品零售权威，只供应一流品牌。自营品牌也极受好评。,https://www.xiaohongshu.com/page/brands/5a4384818000862471d140c8,http://ci.xiaohongshu.com/ec0ec2b3-d3f6-4475-873a-5dcc39e2eec4
茵芙莎 IPSA,1万,2万,日本,IPSA是资生堂旗下品牌，独创的水乳合一“自律液”让众多小红薯真正了解自己的皮肤，彩妆也总在cosme大赏上露脸。,https://www.xiaohongshu.com/page/brands/5a4384838000862471d14354,http://ci.xiaohongshu.com/84cf18f8-d5f2-45aa-9a64-0aba4b37a3dd
澳尔滨 ALBION,3956,2万,日本,日本高级护肤品牌，1956年创立以来，无论是研发、试验、品质还是包装，ALBION都以创造艺术品的虔诚精神去完成，为的就是让每一个细节都呈现绝对的完美。独有的护肤理论得到很多消费者的喜爱和拥护，拥有多款大受欢迎的明星产品。,https://www.xiaohongshu.com/page/brands/5a4384948000862471d1580a,http://ci.xiaohongshu.com/acfc25f8-ec25-465e-b00b-798871abbf4c
露华浓 Revlon,None,9742,美国,露华浓作为一家国际知名的化妆品集团公司，遍布欧洲、美洲、亚洲各个国家。化妆品、身体护理、香水和个人护理产品都非常出色，露华浓的理念正是不断地将富于魅力、激情和创新的高品质产品以合理的价格提供给消费者。,https://www.xiaohongshu.com/page/brands/5a4384968000862471d15ac8,http://ci.xiaohongshu.com/0e24f379-0f1a-41fc-bcb7-d8825f3d26c7
3CE,7.8万,2.3万,韩国,3CE是STYLENANDA旗下的彩妆品牌，被美国CNN评选韩国十大品牌暨2014年受游客欢迎的潮流品牌。超高性价比从少女系到成熟系的超长跨度成为众多小红薯超爱的彩妆！,https://www.xiaohongshu.com/page/brands/5a43848d8000862471d14efb,http://ci.xiaohongshu.com/25aebecc-743a-419f-bfed-a57c27d900c4
黛珂 COSME DECORTE,None,2.4万,日本,黛珂是日本KOSE集团旗下的高端护肤及彩妆品牌。它的每个系列都有个专有名字，从护肤到彩妆系列都广受好评。,https://www.xiaohongshu.com/page/brands/5a4384818000862471d13ffb,http://ci.xiaohongshu.com/90e6a9e9-66af-4dac-bcf4-4e5b7c7b0226
BLACKMORES 澳佳宝,1.9万,8603,澳大利亚,BLACKMORES是澳大利亚的知名保健品品牌，已经有近80年历史啦，不仅在澳洲本土广受信任，在世界各地都有超高人气，对妈妈和宝宝的健康也很关注喔。,https://www.xiaohongshu.com/page/brands/5a4384918000862471d153ab,http://ci.xiaohongshu.com/fd91ee1d-d85d-4c53-b949-b0b928b048b0
普拉达 PRADA,None,2.6万,意大利,Prada这个百年老字号，在花俏的潮流界里，秉持一贯精致的作风，显示了成熟庄重又非常典雅的风韵。一部《穿PRADA的恶魔》足以证明其在时尚界的崇高地位，让它成为当代经典。,https://www.xiaohongshu.com/page/brands/5a4384848000862471d144ad,http://ci.xiaohongshu.com/5f938077-2307-4d54-8587-fbfe649ec6b2
芙拉 FURLA,None,1.2万,意大利,意大利著名皮具品牌，成熟中带点俏皮的设计是众多名媛淑女的最爱！,https://www.xiaohongshu.com/page/brands/5a4384848000862471d144ac,http://ci.xiaohongshu.com/b9b744ad-d80c-461c-8027-ac5442d29b01
伊思 it's skin,3.8万,7802,韩国,It’s skin是韩国三大化妆品公司之一的韩佛公司旗下品牌，获得英国kifus顶级化妆品公司的技术配方支持，以明星单品蜗牛霜火遍亚洲，是红薯们到韩国的必买单品之一。,https://www.xiaohongshu.com/page/brands/5a4384968000862471d15ad1,http://ci.xiaohongshu.com/7ab8d776-ddc1-4b12-9459-2ccea390c01c
爱茉莉太平洋 Amore Pacific,None,None,韩国,爱茉莉太平洋集团是韩国大型的化妆品集团公司。公司成立已有50年的历史，旗下拥有众多知名品牌， 自身Amore Pacific也是韩国优秀的护肤品牌之一。,https://www.xiaohongshu.com/page/brands/5a4384968000862471d15b08,http://ci.xiaohongshu.com/4368a0e8-2294-4817-8fc3-685f2a966828
飞利浦 PHILIPS,10.2万,8744,荷兰,来自荷兰的飞利浦主要有照明、家用电器、医疗系统方面的产品。无论是质量还是口碑都非常好，很耐用，创新的功能给小红薯带来更加方便的生活。,https://www.xiaohongshu.com/page/brands/5a43849e8000862471d16420,http://ci.xiaohongshu.com/9497816e-d318-4a72-a7d2-8a63b73e9749
悦诗风吟 innisfree,42.4万,5.3万,韩国,Innisfree的含义是指纯净自然与健康之美得以和谐共生的纯净小岛。悦诗风吟选取来自纯净岛屿——济州岛的精萃原料，将愉悦身心的健康之美赋予每位消费者，是保护大自然，倡导快乐、环保、绿色生活理念的自然主义品牌。,https://www.xiaohongshu.com/page/brands/5a4384908000862471d152e5,http://ci.xiaohongshu.com/8c4d5517-b8b7-43cf-b86e-58961150eaa0
CANMAKE,5459,2.3万,日本,日本超人气化妆品品牌，被称为平价战斗机，多个彩妆品入选cosme大赏，以平价优质的化妆品打动无数小红薯的心哦！,https://www.xiaohongshu.com/page/brands/5a43848a8000862471d14be8,http://ci.xiaohongshu.com/c29b497f-cf3d-47e2-a703-8856add33c64
森田药妆 Dr.Morita,2.6万,4827,中国台湾,台湾品牌森田药妆，致力于日本技术合作，专注于基础成分与配方的创新研究，目前公司获得10项与面膜相关的研发专利。平价好用的特点受到许多亚洲消费者的喜爱，多款面膜是热门畅销品。,https://www.xiaohongshu.com/page/brands/5a4384968000862471d15aff,http://ci.xiaohongshu.com/f8b09b73-333c-4f5c-a346-1b973625c898
悦木之源 ORIGINS,5.7万,2.1万,美国,全球高端植物护肤品牌，纯天然成分适合大部分小红薯的肌肤。,https://www.xiaohongshu.com/page/brands/5a4384838000862471d142a9,http://ci.xiaohongshu.com/819133ee-219e-44a8-9936-559244085392
芭妮兰 BANILA CO,5.5万,8423,韩国,Banila co是韩国著名时尚彩妆品牌，隶属韩国FNF株式会社旗下。产品以底妆为主，在各种化妆品品牌云集的韩国极受欢迎。,https://www.xiaohongshu.com/page/brands/5a4384828000862471d140e1,http://ci.xiaohongshu.com/079cebde-d300-495f-b3cb-d1eeecc61fd4
花王 Kao,None,1.1万,日本,日本家庭用品和化妆品企业巨头，药妆店50%的东西都是他们家的，纸尿裤更是受到岛国妈妈的热情追捧喔。,https://www.xiaohongshu.com/page/brands/5a4384828000862471d14113,http://ci.xiaohongshu.com/5db97d57-7e2e-48d9-9a0b-7e8b8124bbb9
缪缪 Miu Miu,None,2.4万,意大利,Miu Miu 是来自意大利的服饰品牌，设计极具个人主义风格的同时又带着精致与优雅，将女性的气质发挥到了极致。,https://www.xiaohongshu.com/page/brands/5a4384968000862471d15ac5,http://ci.xiaohongshu.com/6f279c1b-fdd0-4df6-b8bc-f44564a4e543
AHC A.H.C,11.9万,1.3万,韩国,AHC为韩国美容专业线高端品牌，也是功效性化妆品牌，让小红薯在家也能获得高级美容沙龙般的享受。,https://www.xiaohongshu.com/page/brands/5a4384828000862471d141d8,http://ci.xiaohongshu.com/d6095aa2-52ce-4fba-8156-9808ead83ded
高丝 KOSE,4.2万,8211,日本,创立于1946年的高丝品牌，旗下的产品种类丰富，有很多类似黛珂、雪肌精等耳熟能详的护肤品牌都来自KOSE，产品以高质量著称，被称为“品质的高丝”！,https://www.xiaohongshu.com/page/brands/5a4384818000862471d14013,http://ci.xiaohongshu.com/0d3616a0-5f56-4cd7-89b1-d926a087d5f9
涂酷 too cool for school,None,6707,韩国,too cool  for school是韩国的一个化妆品品牌，‘school’的语源是‘（鱼类等的）群’，too cool for  school有‘在那一群里十分酷’的意思。too cool for  school不是为了制造漂亮和可爱的产品，而是为了制造十分酷，更加优秀的产品，为此一直在不懈地努力。不是跟风市场制造产品，而是时刻把制造可以引领顾客的，优质产品的这一理念放在首位。,https://www.xiaohongshu.com/page/brands/5a43849b8000862471d160e2,http://ci.xiaohongshu.com/fd8e0f34-3109-3765-85ba-32a08458158a
马克雅克布 Marc Jacobs,None,9574,美国,马克·雅各布的同名设计师品牌Marc Jacobs创造出不同以往的美式时尚，他发挥他的古怪气质和鬼马才华，把纽约的潮流活力和巴黎的奢华高雅相结合，擅长用绚丽的色彩和金属材质搭配，有一种独特的年轻叛逆休闲风。Marc Jacobs的包包和香水更是受到小红薯们的喜爱，有时清新少女，有时狂野张扬。,https://www.xiaohongshu.com/page/brands/5a4384968000862471d15ac4,http://ci.xiaohongshu.com/7a5ff16a-4cd7-4c57-8bbe-b4b35c004db4
H&M,1.7万,5.6万,瑞典,横扫欧洲街头的高街品牌，奉行兼顾流行、品质及价格的三合一的品牌哲学。随便进入到H&M的一家门店，都能看到形形色色不同风格的服装，有轻便的运动装，剪裁合体的商务装，还有约会赴宴必备的轻礼服。不管是哪种类型的服饰，你都能看到它身上露出的当季流行的时尚元素。,https://www.xiaohongshu.com/page/brands/5a43848e8000862471d15117,http://ci.xiaohongshu.com/5763614e-6a7e-4e18-ad33-961b3635474e
无印良品 MUJI,None,4.3万,日本,无印良品是来自日本的极简风生活方式品牌，提倡简约自然的风格，主张产品合理而且便宜，强调以商品本色示人。各类富有人性化的产品设计和简约派的风格，受到收多年轻人的喜爱。,https://www.xiaohongshu.com/page/brands/5a4384828000862471d14112,http://ci.xiaohongshu.com/028c8fff-a920-4bd2-a019-74c44a4be2ac
狮王 LION,612,7607,日本,日本大型的日化和日用品牌之一，致力于为人们提供更舒适更高品质的产品，产品覆盖面广。,https://www.xiaohongshu.com/page/brands/5a4384828000862471d14134,http://ci.xiaohongshu.com/303cddc4-7d66-43bc-b6c8-3f5b1705e841
玫珂菲 MAKE UP FOR EVER,None,1.4万,法国,由Dany Sanz女士1984年创立的法国专业彩妆品牌，主营化妆师与普通消费者的专业化妆用品。在巴黎、米兰、纽约等艺术表演及时尚发布会的殿堂里， 它已成为时尚彩妆的代名词，更被专业model与彩妆师MOTOMI肯定。清晰无痕HD蜜粉是它家的明星产品，受到众多红薯的喜爱！,https://www.xiaohongshu.com/page/brands/5a4384998000862471d15e7e,http://ci.xiaohongshu.com/8097aa9f-33f5-37e5-818f-c81c4dc3e9f7
馥蕾诗 FRESH,5.4万,2.5万,美国,LVMH旗下高端生活方式品牌，坚持天然成分、古法美肤和尖端科技结合,https://www.xiaohongshu.com/page/brands/5a4384818000862471d140ba,http://ci.xiaohongshu.com/12b2e5d9-50dd-4cc4-80f2-25c583364065
城野医生 Dr.Ci:Labo,2.3万,1.7万,日本,城野医生是日本知名的医学美容品牌，以科研实力和医疗技术为基础，致力于研发能解决肌肤真正需求的产品。其明星产品长据日本药妆店榜单，毛孔收敛水、VC水等都是红薯的爱用品。,https://www.xiaohongshu.com/page/brands/5a4384808000862471d13f61,http://ci.xiaohongshu.com/7da753c0-9bb3-11e9-b1d3-73eb2e2d2150-9r9tsb
高田贤三 Kenzo,None,9326,法国,Kenzo品牌是日本设计大师高田贤三创建的时尚品牌。它的设计有一点点传统，和几分狂野。几乎每一款Kenzo时装都能找到适合的场合。,https://www.xiaohongshu.com/page/brands/5a4384838000862471d14371,http://ci.xiaohongshu.com/8face0ea-f739-4811-b064-2a1a2379f7f2
碧柔 Biore,1231,1万,日本,花王旗下最大的肌肤护理品牌之一，坚持以成为平价健康值得信赖的品牌为目标。,https://www.xiaohongshu.com/page/brands/5a4384838000862471d142b8,http://ci.xiaohongshu.com/7fcdfc98-0f3f-4fb1-acaf-d0c462516ba9
美体小铺 THE BODY SHOP,None,1.1万,英国,来自英国的THE BODY SHOP坚持用纯天然原料来制作各种产品，平价但功效卓越。,https://www.xiaohongshu.com/page/brands/5a4384828000862471d140ed,http://ci.xiaohongshu.com/499d8547-284d-4817-8ab5-cf59dd022932
欧舒丹 L‘OCCITANE,3.4万,1.7万,法国,L‘OCCITANE是来自普罗旺斯的香氛护理品牌，专门制造及售卖个人护理产品及家居产品，给每一位小红薯带来一个薰衣草的护肤spa。,https://www.xiaohongshu.com/page/brands/5a4384808000862471d13f6e,http://ci.xiaohongshu.com/a59f93e0-a8d4-42de-baeb-657554c4d077
魅可 M.A.C,19.1万,8.5万,美国,M·A·C是雅诗兰黛化妆品集团旗下第一个非由兰黛夫人自创的品牌。是专业的艺术彩妆品牌，MAC是红薯彩妆达人最爱的品牌之一。,https://www.xiaohongshu.com/page/brands/5a4384818000862471d1400f,http://ci.xiaohongshu.com/5d860895-79a7-4000-805f-614270d22180
