ä¸»æ’­å,æˆ¿é—´å,æˆ¿é—´url,æ¸¸æˆå,æˆ¿é—´url
è‹±é›„è”ç›Ÿ,è‹±é›„è”ç›Ÿçš„ç›´æ’­é—´,https://live.kuaishou.com/u/lol1314666,è‹±é›„è”ç›Ÿ,https://live.kuaishou.com/u/lol1314666
PELå’Œå¹³ç²¾è‹±èŒä¸šè”èµ›,2019PELå’Œå¹³ç²¾è‹±èŒä¸šè”èµ›,https://live.kuaishou.com/u/3x4546nfkivjsxe,å’Œå¹³ç²¾è‹±,https://live.kuaishou.com/u/3x4546nfkivjsxe
CHENå¤©èµã€½ï¸ç‹è€…è£è€€,å•æ’æ’©å¦¹è¿èƒœæ¯æŠŠ15å¤´,https://live.kuaishou.com/u/tianci666,ç‹è€…è£è€€,https://live.kuaishou.com/u/tianci666
é»„äºŒç‹—â˜…å’Œå¹³ç²¾è‹±,è¿Ÿåˆ°äº†...,https://live.kuaishou.com/u/JJbeng77,å’Œå¹³ç²¾è‹±,https://live.kuaishou.com/u/JJbeng77
å’Œå¹³ç²¾è‹±12é˜³,å•äººå››æ’ é©¬ä¸Šæˆ˜ç¥äº†,https://live.kuaishou.com/u/JiuYang6666,å’Œå¹³ç²¾è‹±,https://live.kuaishou.com/u/JiuYang6666
å’Œå¹³ç²¾è‹±çœŸè·¯ğŸ‚,å–œæé»„é‡‘é£è¡£,https://live.kuaishou.com/u/ZhenLu996,å’Œå¹³ç²¾è‹±,https://live.kuaishou.com/u/ZhenLu996
QQé£è½¦æµ·æ£ ï¼ˆè€å£°ä¼˜ï¼‰,ä¸­åˆç›´æ’­æ£ ,https://live.kuaishou.com/u/XuanFeng12138,QQé£è½¦æ‰‹æ¸¸,https://live.kuaishou.com/u/XuanFeng12138
ä¸‰é˜³:ç»åœ°æ±‚ç”Ÿæƒ…æ„ŸNJ,æ¥å‘€,https://live.kuaishou.com/u/3x6hdrttyupy5bc,ç»åœ°æ±‚ç”Ÿ,https://live.kuaishou.com/u/3x6hdrttyupy5bc
ç‹è€…è£è€€æ—åº¦ ä¸‰ä¸‡æˆ˜ç«èˆ,ç‹è€…å±€å•æ’æ“ä½œæ„è¯†ç§€,https://live.kuaishou.com/u/LLLYYY666999,ç‹è€…è£è€€,https://live.kuaishou.com/u/LLLYYY666999
ç‹è€…è£è€€å† å®‡ã€B+ã€,å›½æœå·å·…å³°èµ›å†²å›½ä¸€å¹²å°†,https://live.kuaishou.com/u/guanyu2333,ç‹è€…è£è€€,https://live.kuaishou.com/u/guanyu2333
å°ä¸ƒ-ç«å½±å¿è€…ç–¾é£ä¼ ,ä½ å¼ºä»»ä½ å¼º~å°ä¸ƒæ¥ç§°ç‹~,https://live.kuaishou.com/u/xiaoqiaihuoying,ç«å½±å¿è€…,https://live.kuaishou.com/u/xiaoqiaihuoying
å©·å„¿ç‹è€…è£è€€ğŸ’«å…¨èƒ½ç‹,è‹±é›„æ± è¾“ä¸€å±€å­¦çŒ«å«,https://live.kuaishou.com/u/atinger66,ç‹è€…è£è€€,https://live.kuaishou.com/u/atinger66
ç‹è€…è£è€€å¦‚é£ã€Šå›½æœå…³ç¾½ã€‹,ç‹è€…å±€æ’ä½èµ›ä¸€æŠŠä¸è¾“,https://live.kuaishou.com/u/RuFengFeng,ç‹è€…è£è€€,https://live.kuaishou.com/u/RuFengFeng
é˜¿æ—ğŸ…ç»åœ°æ±‚ç”Ÿå’Œå¹³ç²¾è‹±,é˜¿æ—æ¥æ™šäº†,https://live.kuaishou.com/u/3xd9xd45hzynae4,å’Œå¹³ç²¾è‹±,https://live.kuaishou.com/u/3xd9xd45hzynae4
JJæ–—åœ°ä¸»,JJæ–—åœ°ä¸»å† å†›æ¯,https://live.kuaishou.com/u/jjworld126,JJæ–—åœ°ä¸»,https://live.kuaishou.com/u/jjworld126
æœºçµé¬¼å‘†èŒå’Œå¹³ç²¾è‹±,å‘†èŒäº”æŒ‡ç¬¬45å¤©,https://live.kuaishou.com/u/sjzqxiaoyue,å’Œå¹³ç²¾è‹±,https://live.kuaishou.com/u/sjzqxiaoyue
ç‹è€…è£è€€å¯æ˜ã€å…¨èƒ½ç‹ã€‘,è¿èƒœå·ç»§ç»­å¹²,https://live.kuaishou.com/u/qiming188,ç‹è€…è£è€€,https://live.kuaishou.com/u/qiming188
å’Œå¹³ç²¾è‹± å¯ä¸ï¼ˆæ—æ¢¦ï¼‰,å¯ä¸è¢«å…³å°é»‘å±‹äº†,https://live.kuaishou.com/u/ff003729,å’Œå¹³ç²¾è‹±,https://live.kuaishou.com/u/ff003729
Joi-è„šè„šğŸ’«å’Œå¹³ç²¾è‹±,è„šè„šè£…å°å§å§~,https://live.kuaishou.com/u/ID1000011,å…¶ä»–,https://live.kuaishou.com/u/ID1000011
å°åä¸ƒğŸ’«å’Œå¹³ç²¾è‹±,æ— æƒ…,https://live.kuaishou.com/u/Chenshiqizuishuai,å’Œå¹³ç²¾è‹±,https://live.kuaishou.com/u/Chenshiqizuishuai
å¯’å†°å’Œå¹³ç²¾è‹±ï¼ˆåˆšæªä¹‹å†°ï¼‰,å¯’å…¬å­é«˜ç«¯å±€1V4,https://live.kuaishou.com/u/A1994822,å’Œå¹³ç²¾è‹±,https://live.kuaishou.com/u/A1994822
ç‹è€…è£è€€ç§‹ç¬™ã€Œè‰å¸è²‚è‰ã€,å†²åˆºå…¨å›½ç¬¬ä¸€å°±å·®å‡ å±€,https://live.kuaishou.com/u/mauc-6767,ç‹è€…è£è€€,https://live.kuaishou.com/u/mauc-6767
è‹±é›„è”ç›Ÿæé’ä¸¶å¾¡å¤©æ–‡å“¥,å¾¡å¤©æ–‡å“¥æ— çº¿ç«åŠ›ç›²åƒ§ç§€,https://live.kuaishou.com/u/Leesin_666,è‹±é›„è”ç›Ÿ,https://live.kuaishou.com/u/Leesin_666
ç‹è€…è£è€€å°è‰¾,å¸¦ç²‰ä¸Šåˆ†æ–°çš„å…»çŒªæ–¹æ³•æ— æ•Œ,https://live.kuaishou.com/u/3xsey959k2h932y,ç‹è€…è£è€€,https://live.kuaishou.com/u/3xsey959k2h932y
éªšæ™¨ğŸ“å•æœºæ¸¸æˆ,ç½‘å§å¼€ä¸šäº†,https://live.kuaishou.com/u/mumu6666668,ä¸»æœºæ–°æ¸¸,https://live.kuaishou.com/u/mumu6666668
å°é»„èœ‚âšœï¸æ¸¸æˆç›´æ’­,æŒ‘æˆ˜ç”Ÿå­˜100å¤©ï¼,https://live.kuaishou.com/u/tiansen666666,å…¶ä»–,https://live.kuaishou.com/u/tiansen666666
å°æ¶é­”ğŸ‘¿æ¸¸æˆç›´æ’­,å¤§æˆ˜é²¨é±¼ç‹ç›´æ’­ä¸­Â·Â·Â·,https://live.kuaishou.com/u/emo12345678,è¿·ä½ ä¸–ç•Œ,https://live.kuaishou.com/u/emo12345678
ç‹è€…è£è€€æ…•ç™½ã€å›½æœæœ¨å…°ã€‘,å·…å³°ä¸‰å›½æœå†²é¸­,https://live.kuaishou.com/u/xf20020806,ç‹è€…è£è€€,https://live.kuaishou.com/u/xf20020806
ç‹è€…è£è€€æœˆç¥ã€çš®çš®äº¬ã€‘,å¤§å®¶ä¸‹åˆå¥½é¸­ æƒ³çœ‹å•¥è‹±é›„,https://live.kuaishou.com/u/YUE99999,ç‹è€…è£è€€,https://live.kuaishou.com/u/YUE99999
ANBKå’Œå¹³ç²¾è‹±-ç¥å¼©é—¨,å°å§å§ä»¬å‘¢,https://live.kuaishou.com/u/W1360247662,å’Œå¹³ç²¾è‹±,https://live.kuaishou.com/u/W1360247662
è‹±é›„è”ç›Ÿä¸Šä¸Š-æŒ½ç¦»,äºšæ´²æ£‹ç‹ï¼,https://live.kuaishou.com/u/shangshang7777777777,è‹±é›„è”ç›Ÿ,https://live.kuaishou.com/u/shangshang7777777777
å¹³åº•é”…Â·å’Œå¹³ç²¾è‹± çŸ³å¤´å“¥,å¹³åº•é”…é›†åˆ,https://live.kuaishou.com/u/mengen1996,å’Œå¹³ç²¾è‹±,https://live.kuaishou.com/u/mengen1996
å¤§è¯è¥¿æ¸¸2è´¤å“¥åå¼º,å¤§è¯è¥¿æ¸¸2è´¤å“¥,https://live.kuaishou.com/u/e19920405,æ–°å¤§è¯è¥¿æ¸¸2,https://live.kuaishou.com/u/e19920405
å¢¨è¨€ã€çƒ­æ¸¸ç›´æ’­ã€‘,å¼€ç½‘å§è¥ä¸šçš„ç¬¬ä¸€å¤©,https://live.kuaishou.com/u/KS-moyan666,ä¸»æœºæ–°æ¸¸,https://live.kuaishou.com/u/KS-moyan666
ç‹è€…è£è€€å¯å¯U0001f9daï¼ˆèˆœå®¶ï¼‰,å¸®å¤§å“¥ä¸Šè£è€€,https://live.kuaishou.com/u/Maomao0713,ç‹è€…è£è€€,https://live.kuaishou.com/u/Maomao0713
ç‹è€…è£è€€è“å°¢ã€æœ€é£˜éœ²å¨œã€,è“å°¢éœ²å¨œ,https://live.kuaishou.com/u/lanyouzuiku,ç‹è€…è£è€€,https://live.kuaishou.com/u/lanyouzuiku
ç“œç“œğŸ‰ç«å½±å¿è€…æç¬‘è§£è¯´,å®‡æ™ºæ³¢ç“œç“œ,https://live.kuaishou.com/u/paopaoya666,ç«å½±å¿è€…,https://live.kuaishou.com/u/paopaoya666
æ•£äººæ— å½±cfæ‰‹æ¸¸å’Œå¹³ç²¾è‹±,æ–°é¢†çš„åˆ€å•æŒ‘æ¥å§,https://live.kuaishou.com/u/a150842222,CFæ‰‹æ¸¸,https://live.kuaishou.com/u/a150842222
è‹è‹å’Œå¹³ç²¾è‹±,è‹æ— æƒ…,https://live.kuaishou.com/u/SuSu75666,å’Œå¹³ç²¾è‹±,https://live.kuaishou.com/u/SuSu75666
å½ªå“¥è®²æ£‹ è±¡æ£‹å¥—è·¯ç¬¬ä¸€äºº,ä¸è¿›æ¥åæ‚”ä¸€è¾ˆå­,https://live.kuaishou.com/u/bgjq5201314,ä¸­å›½è±¡æ£‹,https://live.kuaishou.com/u/bgjq5201314
å°é±¼ä¸»æ’­,å®¶è¢«BOSSæŠ„äº†,https://live.kuaishou.com/u/3xcngzihd3xb93k,å…¶ä»–,https://live.kuaishou.com/u/3xcngzihd3xb93k
ä¹æ´‹ï¼ˆç»åœ°æ±‚ç”Ÿï¼‰,Win94çŒ›ç”·æ´‹,https://live.kuaishou.com/u/ksyangzai123,ç»åœ°æ±‚ç”Ÿ,https://live.kuaishou.com/u/ksyangzai123
ä¼ å¥‡ä¸–ç•Œè·¯è¥¿æ³•,ç§‹é›¨å¤å¤,https://live.kuaishou.com/u/lin358700,ä¼ å¥‡ä¸–ç•Œ,https://live.kuaishou.com/u/lin358700
åŠ ä¸½å®ï¼ˆç»åœ°æ±‚ç”Ÿï¼‰,èµ¢çŒ«ç²®å•¦,https://live.kuaishou.com/u/Jialibao66,ç»åœ°æ±‚ç”Ÿ,https://live.kuaishou.com/u/Jialibao66
å…­é˜³:ç»åœ°æ±‚ç”Ÿ,è·¯äººå››æ’,https://live.kuaishou.com/u/3x6ct5nmfqws69s,ç»åœ°æ±‚ç”Ÿ,https://live.kuaishou.com/u/3x6ct5nmfqws69s
ç‹è€…è£è€€æµ…å¯ã€å›½æœé˜¿è½²ã€‘,æµ…å¯å›½ä¸€é˜¿æŸ¯,https://live.kuaishou.com/u/qianke8888,ç‹è€…è£è€€,https://live.kuaishou.com/u/qianke8888
ç–ç–ç»åœ°ç–èœèŠ±,å¿«ä¹~,https://live.kuaishou.com/u/jiu9999r,ç»åœ°æ±‚ç”Ÿ,https://live.kuaishou.com/u/jiu9999r
å’Œå¹³ç²¾è‹±é™Œç…,çš®çš®ç…çš„S686æ¥å’¯ï¼,https://live.kuaishou.com/u/Ms336789,å’Œå¹³ç²¾è‹±,https://live.kuaishou.com/u/Ms336789
ğŸ”¥åŒ—æ£‹ç‹ç²¾è®²è±¡æ£‹ğŸ”¥,è·‘è½¦æŒ‚ï¼Œç™¾å…ƒè¿,https://live.kuaishou.com/u/xiangqixiaoli666,å¨±ä¹,https://live.kuaishou.com/u/xiangqixiaoli666
å­å‚²ï¼ˆæ–¹èˆŸå’Œå¹³ç²¾è‹±ï¼‰,å¾æˆ˜æµ·è´¼æœ,https://live.kuaishou.com/u/3xntm8k8v2nvdjw,æ–¹èˆŸ,https://live.kuaishou.com/u/3xntm8k8v2nvdjw
è±¡æ£‹å°‘å¸…å³°â˜€äº®è¯ç¬¬ä¸€äºº,çœ‹è±¡ç”² èŠäººç”Ÿ ç“œå­å¤‡å¥½,https://live.kuaishou.com/u/LBL6666777,å…¶ä»–æ‰‹æ¸¸,https://live.kuaishou.com/u/LBL6666777
ä¼ å¥‡ç¥é€”ç›´æ’­ä¸­ï¼ˆäº’ï¼‰,é¦–æˆ˜é¦–åŒºé€Ÿåº¦æ¥æˆ˜,https://live.kuaishou.com/u/3xqyhd3jhyszxns,ç¥é€”,https://live.kuaishou.com/u/3xqyhd3jhyszxns
ç¥é€”ä¼ å¥‡æ‰‹æ¸¸â€“æ— æƒ…,æ–°åŒºå¼€äº†,https://live.kuaishou.com/u/3x7u2vae244vg62,ç¥é€”,https://live.kuaishou.com/u/3x7u2vae244vg62
ç¥é€”ä¼ å¥‡ç›´æ’­ä¸­ï¼ˆäº’ï¼‰,æ–°æˆ˜åŒºé¦–åŒº,https://live.kuaishou.com/u/cxz52020,ä¼ å¥‡ä¸–ç•Œ,https://live.kuaishou.com/u/cxz52020
æŒ½è¡¾ï¼ˆä¸‰æŒ‡å…³ç¾½ï¼‰,è‡ªå·±å·å•æ’ä¸Šç‹è€…,https://live.kuaishou.com/u/3xia5w762iiisr2,ç‹è€…è£è€€,https://live.kuaishou.com/u/3xia5w762iiisr2
å˜Ÿå˜Ÿä¼ å¥‡å®å„¿,ä»Šæ™šç»Ÿæˆ˜ä¹‹å¤œ,https://live.kuaishou.com/u/3xgmztzx22wxjpw,å…¶ä»–,https://live.kuaishou.com/u/3xgmztzx22wxjpw
CFæ¢¦æ¢¦-æœ€å¼ºå¥³æ•‘ä¸–ä¸»,11æœˆåŠ æ²¹,https://live.kuaishou.com/u/meng7722,ç©¿è¶Šç«çº¿,https://live.kuaishou.com/u/meng7722
CFâ€”ç‹¬ç§€ç§€,åœŸé Â· åœŸæµå£,https://live.kuaishou.com/u/Hainan98,ç©¿è¶Šç«çº¿,https://live.kuaishou.com/u/Hainan98
ä¼ å¥‡æ‰“é‡‘æœï¼ˆç›´æ’­ä¸­ï¼‰äº’,1.85èŸ é¾™ä¸‰èŒä¸š,https://live.kuaishou.com/u/3x75ubp4tsjhiqw,æ¢¦å¹»è¥¿æ¸¸,https://live.kuaishou.com/u/3x75ubp4tsjhiqw
æ³ªä¼Šäººï¼ˆ ä¸–ç•Œè¯¸è‘› ï¼‰,è¯¸è‘›äº®,https://live.kuaishou.com/u/Chuqing520gunian,ç‹è€…è£è€€,https://live.kuaishou.com/u/Chuqing520gunian
å’Œå¹³ç²¾è‹± æ¾å«å…½â˜€ï¸,giaoç‹™,https://live.kuaishou.com/u/Pengjiaoshou666,å’Œå¹³ç²¾è‹±,https://live.kuaishou.com/u/Pengjiaoshou666
å¤ ç›®å“¥å“¥ğŸƒ,å®è´æ–°åŒºæ¥ç©ä¹ˆï¼Ÿ,https://live.kuaishou.com/u/3xf64kscnr3prn6,æ–°å¤©é¾™å…«éƒ¨,https://live.kuaishou.com/u/3xf64kscnr3prn6
ä¼ å¥‡æ‰‹æ¸¸å°åºš,ç›˜å¤7-7äººæ°”å…‰æŸ±,https://live.kuaishou.com/u/Yujiageng021,ä¼ å¥‡ä¸–ç•Œ,https://live.kuaishou.com/u/Yujiageng021
æ¢¦å¹»è¥¿æ¸¸ä¸ƒä»”ï¼ˆå……5ä¸‡ï¼‰,åˆšå¼€æ–°åŒºæ‰‹æœºç”µè„‘äº’é€š,https://live.kuaishou.com/u/xlj998899,æ¢¦å¹»è¥¿æ¸¸,https://live.kuaishou.com/u/xlj998899
æ‰‹æ¸¸7å“¥,ä¸€å‰‘ä¹å¤© ç­‰ä½ æ¥æˆ˜,https://live.kuaishou.com/u/3xefiezx6rxcubm,å…¶ä»–,https://live.kuaishou.com/u/3xefiezx6rxcubm
æ–—åœ°ä¸»â€¢è‹¥æ˜‚,åœ¨ä¸Šæ¬¡äº”åƒä¸‡,https://live.kuaishou.com/u/xp2011116,æ¬¢ä¹æ–—åœ°ä¸»,https://live.kuaishou.com/u/xp2011116
å’Œå¹³ç²¾è‹±å…­æ´‹ğŸ‘è‡ªå®šä¹‰,è‡ªå®šä¹‰ä¿¡å·æªæ¨¡å¼,https://live.kuaishou.com/u/sb74110ba,å…¶ä»–,https://live.kuaishou.com/u/sb74110ba
å¤§è¯æ—¶å…‰æœº~åˆ˜å¾·å,ç™½äº‘è¥¿æ¸¸ äººæ°”ç«çˆ†,https://live.kuaishou.com/u/zjx777666,æ–°å¤§è¯è¥¿æ¸¸2,https://live.kuaishou.com/u/zjx777666
å¥¶ç‰‡å„¿ğŸ¤¡äº‘é¡¶ä¹‹å¼ˆ,åŒæ’å—ï¼Œç–¯ç‹‚æ‘‡äººè¾£ç§,https://live.kuaishou.com/u/yikeruantang,loläº‘é¡¶ä¹‹å¼ˆ,https://live.kuaishou.com/u/yikeruantang
è´ªç©å°ä¹ä¹66,èŒå¦¹å¸¦ä½ ç©å¤©é¾™,https://live.kuaishou.com/u/3xkwnutynncmbr9,æ–°å¤©é¾™å…«éƒ¨,https://live.kuaishou.com/u/3xkwnutynncmbr9
ä¼ å¥‡é˜¿ç‹ï¼ˆå®‰å¿ƒå‘å±•ï¼‰,äºŒåŒºæèµ·,https://live.kuaishou.com/u/azhe_7410,å…¶ä»–,https://live.kuaishou.com/u/azhe_7410
èƒ–æ´‹ğŸŒŸå’Œå¹³ç²¾è‹±,è¿˜å·®100åˆ†,https://live.kuaishou.com/u/yd006666,å’Œå¹³ç²¾è‹±,https://live.kuaishou.com/u/yd006666
ä¸‡ä¸€ğŸ’¦ï¸æ–¹èˆŸ,æˆ˜ç¥ä¸‡æŸäºº`,https://live.kuaishou.com/u/WanOne520,æ–¹èˆŸ,https://live.kuaishou.com/u/WanOne520
æ‰‹æ¸¸ä¼ å¥‡çƒ­è¡€ä¼ å¥‡ç¬æµªä»™,å…¨æ–°å†°é›ªé‡ç£…æ¥è¢­,https://live.kuaishou.com/u/HBDDlangzi,å…¶ä»–,https://live.kuaishou.com/u/HBDDlangzi
ğŸ’å†‡çˆ±ã‚œ08,å¥³æ±‰å­å¸¦ä½ ç©æ–°åŒº,https://live.kuaishou.com/u/3xqipp9a9aqn4cm,æ¢¦å¹»è¥¿æ¸¸,https://live.kuaishou.com/u/3xqipp9a9aqn4cm
ä¼ å¥‡æ‰“ç±³_æš´å¾’,æ‰“ç±³æ­¦ç¥ä¼ ,https://live.kuaishou.com/u/GTZ88888888,å…¶ä»–,https://live.kuaishou.com/u/GTZ88888888
Tianxiuå¤©ç§€,Tianxiuå¤©ç§€çš„ç›´æ’­é—´,https://live.kuaishou.com/u/wjXd13032035578,å…¶ä»–,https://live.kuaishou.com/u/wjXd13032035578
è¨€è¾°â˜å’Œå¹³ç²¾è‹±ï¼ˆå®å½“ï¼‰,è¨€è¾°æŒ‘æˆ˜0æ€åƒé¸¡,https://live.kuaishou.com/u/fzw20030310,å’Œå¹³ç²¾è‹±,https://live.kuaishou.com/u/fzw20030310
ç¥é€”ä¼ å¥‡æ‰‹æ¸¸ï¼ä¼ å¥‡å†·é£,æ–°åŒºå¼€äº†,https://live.kuaishou.com/u/tlbb6888,ç¥é€”,https://live.kuaishou.com/u/tlbb6888
TLBB:æ±æƒ…è½é›ªâ•±â•±,TLBB:æ±æƒ…è½é›ªâ•±â•±çš„ç›´æ’­é—´,https://live.kuaishou.com/u/gongzigeya,æ–°å¤©é¾™å…«éƒ¨,https://live.kuaishou.com/u/gongzigeya
ç‹è€…è£è€€ç ´ç©ºã€å›½æœé»„å¿ ã€‘,ç ´ç©ºé»„å¿ å¤©ç§€åˆºå®¢,https://live.kuaishou.com/u/li161373762,ç‹è€…è£è€€,https://live.kuaishou.com/u/li161373762
çŒ«çœ¯ï¼Œç©æœå®è´çš„è¸©,å…¨æ–°é˜²å®˜æ–¹ç‰ˆæœ¬ï¼Œäººæ°”300,https://live.kuaishou.com/u/liweiwei0827,æ–°å¤©é¾™å…«éƒ¨,https://live.kuaishou.com/u/liweiwei0827
çƒ­è¡€ä¼ å¥‡å±±èƒ–å­,ä¸‰èƒ–å­ç­‰ä½ ,https://live.kuaishou.com/u/sanpangzi188,å…¶ä»–,https://live.kuaishou.com/u/sanpangzi188
ä¼ å¥‡æ— åğŸ‡¨ğŸ‡³,æ•™ä½ æ‰“é‡‘è½»æ¾ä¸€å¤©300ç±³,https://live.kuaishou.com/u/xing777775,å…¶ä»–,https://live.kuaishou.com/u/xing777775
æ‰‹æ¸¸åŸºå“¥,ä¸€å‰‘ä¹å¤© åˆšå¼€ä¸€ç§’,https://live.kuaishou.com/u/teamky77,å…¶ä»–,https://live.kuaishou.com/u/teamky77
æ¸¸æˆå¥¥ç‰¹æ›¼,é€å¤©ç©ºäº†,https://live.kuaishou.com/u/xiaomo3377,DNF,https://live.kuaishou.com/u/xiaomo3377
æ¸¸æˆä¸¶é“å­,"æ–°åŒºåˆšå¼€,1:2000",https://live.kuaishou.com/u/wendao147,å…¶ä»–,https://live.kuaishou.com/u/wendao147
ç‹è€…è£è€€å°æ˜æ˜ï¼ˆè¶…çº§çš®ï¼‰,é—®é¢˜æ¥äº†ï¼Œæˆ‘åƒå¤šå°‘å¨ï¼Ÿ,https://live.kuaishou.com/u/Xy7151131,ç‹è€…è£è€€,https://live.kuaishou.com/u/Xy7151131
æ‚ æ‚ ç¥é€”-é…·å…œï¼ˆäº’å¿…å›,è€é“ï¼Œå¿«æ¥å•Šï¼,https://live.kuaishou.com/u/3xve5n78yd4bp9i,å…¶ä»–,https://live.kuaishou.com/u/3xve5n78yd4bp9i
ç‹è€…è£è€€æŒ½æ¢¦ï¼ˆæç™½ï¼‰,å›½æœå·45æ˜Ÿ~51,https://live.kuaishou.com/u/wm522512,ç‹è€…è£è€€,https://live.kuaishou.com/u/wm522512
æ¢¦å¹»ï¼ˆå¤§é­”ç‹ï¼‰,æ‹›æ”¶å…„å¼Ÿ,https://live.kuaishou.com/u/a6265859,æ¢¦å¹»è¥¿æ¸¸,https://live.kuaishou.com/u/a6265859
å¯çˆ±çš„ä¸«å•Š,å‡çº§é€åƒå…ƒçº¢åŒ…,https://live.kuaishou.com/u/3xnfckz6xdhrrt9,æ–°å¤©é¾™å…«éƒ¨,https://live.kuaishou.com/u/3xnfckz6xdhrrt9
â˜œâ˜å°›é­”å¥³â˜œâ˜,æœ‰æ²¡æœ‰ä¸€èµ·ç©æ¢¦å¹»è¥¿æ¸¸çš„å‘¢,https://live.kuaishou.com/u/3xw9wzqdh25bkgy,æ¢¦å¹»è¥¿æ¸¸,https://live.kuaishou.com/u/3xw9wzqdh25bkgy
ç‹è€…è£è€€å¦–å¤œã€Šå›½æœå…³ç¾½ã€‹,è¡¨å¼Ÿæ¥äº†ï¼Œä¸€æ‰“ä¹,https://live.kuaishou.com/u/ahg00000,ç‹è€…è£è€€,https://live.kuaishou.com/u/ahg00000
å°ç™½âœ¨æ¸¸æˆä¸»æœº,ç§˜å¯†ï¼Œé‚»å±…,https://live.kuaishou.com/u/I666-666,ä¸»æœºæ–°æ¸¸,https://live.kuaishou.com/u/I666-666
DNFé¾™ä¸ƒï¼ˆç ´1ä¸‡ï¼‰,æ¥æ™®é›·åŒ…ç•Œæ­¦å™¨,https://live.kuaishou.com/u/liuyuhan897,DNF,https://live.kuaishou.com/u/liuyuhan897
æ— æ¶¯å“¥â¤ï¸å·«å¦–,æ— æ¶¯å“¥â¤ï¸å·«å¦–çš„ç›´æ’­é—´,https://live.kuaishou.com/u/Ffhhffy566jgcf,ç©¿è¶Šç«çº¿,https://live.kuaishou.com/u/Ffhhffy566jgcf
èŒƒæœ‰é“çš„åƒé¸¡ä¹‹è·¯â€¦,ä¸€ç˜¸ä¸€æ‹è¿›æ¥äº†ï¼,https://live.kuaishou.com/u/dagexingfan,ç»åœ°æ±‚ç”Ÿ,https://live.kuaishou.com/u/dagexingfan
è€å¯çˆ±â˜€çˆ†ç§€ç»åœ°æ±‚ç”Ÿ,å‘å®¶è‡´å¯Œ~,https://live.kuaishou.com/u/laokeai1314,ç»åœ°æ±‚ç”Ÿ,https://live.kuaishou.com/u/laokeai1314
å¼ ç«¥ç«¥æŒºçˆ±æµª,è¾‰ç…Œ,https://live.kuaishou.com/u/3xbfxfkxz7tm6wm,æ–°å¤§è¯è¥¿æ¸¸2,https://live.kuaishou.com/u/3xbfxfkxz7tm6wm
å¤œè¢­CFç½‘æ¸¸,å…¨åŒº å¿«é€Ÿ ä¸Šç­‰çº§,https://live.kuaishou.com/u/3x9tqcuma2zsag6,ç©¿è¶Šç«çº¿,https://live.kuaishou.com/u/3x9tqcuma2zsag6
ä¼ å¥‡+è€æ¹¿,å†°é›ªç‰ˆæœ¬æ‰‹æœºç”µè„‘é€šç”¨ç‰ˆæœ¬ï¼,https://live.kuaishou.com/u/cqsak111,å…¶ä»–,https://live.kuaishou.com/u/cqsak111
è¿™æ˜¯å°Yoçš„å°åˆ†èº«_,å¿«é€Ÿä¸ŠCFç­‰çº§,https://live.kuaishou.com/u/3xmxsgrt2b8dje6,ç©¿è¶Šç«çº¿,https://live.kuaishou.com/u/3xmxsgrt2b8dje6
äº‘é¡¶ä¹‹å¥•é‡‘ç‰ŒğŸ…è®²å¸ˆå°ä¼Ÿ,äº‘é¡¶ä¹‹äº¦ç«çŒœæ‹‰æ»¡,https://live.kuaishou.com/u/P1254766771,loläº‘é¡¶ä¹‹å¼ˆ,https://live.kuaishou.com/u/P1254766771
å¤§è¯è¥¿æ¸¸2å°é¾™å¥³,ç»å…¸å¤§è¯è¥¿æ¸¸2æ–°åŒº,https://live.kuaishou.com/u/3x23mcva8k6h9q4,æ–°å¤§è¯è¥¿æ¸¸2,https://live.kuaishou.com/u/3x23mcva8k6h9q4
ç¿å“¥CFç½‘ç»œb,å¿«é€Ÿä¸Šç­‰çº§,https://live.kuaishou.com/u/3x7js7mgbdj72q4,ç©¿è¶Šç«çº¿,https://live.kuaishou.com/u/3x7js7mgbdj72q4
ç››ä¸–å†°é›ªæ²æ²,æ‰“ç±³å¼€å§‹,https://live.kuaishou.com/u/anmeng91,ä¼ å¥‡ä¸–ç•Œ,https://live.kuaishou.com/u/anmeng91
cfå–„å˜ç½‘æ¸¸,å¿«é€ŸCFå…ƒå¸…ã€ç´«é‡‘ã€é‡‘ç¿…è†€,https://live.kuaishou.com/u/3xvy8dtemjfd6k9,ç©¿è¶Šç«çº¿,https://live.kuaishou.com/u/3xvy8dtemjfd6k9
ç¿å“¥CFç½‘ç»œã€,å¿«é€Ÿå¸®ç²‰ä¸ä¸Šç­‰çº§,https://live.kuaishou.com/u/3x67ykpz9kdwi59,ç©¿è¶Šç«çº¿,https://live.kuaishou.com/u/3x67ykpz9kdwi59
ç‹è€…è£è€€å°æ—§æ¢¦.å¤©ç§€çŒ´å­,å•æŒ‘å¥³ç¥å§å§,https://live.kuaishou.com/u/wang17674768247,ç‹è€…è£è€€,https://live.kuaishou.com/u/wang17674768247
-å°æµ·ï¼ˆç»åœ°æ±‚ç”Ÿï¼‰,æœ‰ä½ç½® ....,https://live.kuaishou.com/u/3x5kqm9b6rnwav6,ç»åœ°æ±‚ç”Ÿ,https://live.kuaishou.com/u/3x5kqm9b6rnwav6
ä¸€æ¯ç”œå’–å•¡464,å¤å¤60ç‰ˆæœ¬DNF,https://live.kuaishou.com/u/3xj22u9zweng2gs,DNF,https://live.kuaishou.com/u/3xj22u9zweng2gs
æ¢¦å¹»è¥¿æ¸¸-è‹¥å…®,æ¥å°å“¥å“¥ä¸€èµ·ç©,https://live.kuaishou.com/u/tongkeke626,æ¢¦å¹»è¥¿æ¸¸,https://live.kuaishou.com/u/tongkeke626
CFç©¿è¶Šç«çº¿-å‘— é—¹,é»‘å‰è¾½æ‹›æ”¶éª¨ç°ç©å®¶,https://live.kuaishou.com/u/Bnao888888,ç©¿è¶Šç«çº¿,https://live.kuaishou.com/u/Bnao888888
éƒ½å¸‚ä¹‹æµ·å°”è½¦ç¥,æ—©,https://live.kuaishou.com/u/My411111,QQé£è½¦,https://live.kuaishou.com/u/My411111
æ¸¸æˆå¤§é¼»å­,dnf,https://live.kuaishou.com/u/LIU68888,DNF,https://live.kuaishou.com/u/LIU68888
ç™½äº‘è¥¿æ¸¸å´å½¦ç¥–,2019æœ€ç‰›å¤§è¯è¥¿æ¸¸æ‰‹æ¸¸,https://live.kuaishou.com/u/eluosifangkuai66,å¤§è¯è¥¿æ¸¸æ‰‹æ¸¸,https://live.kuaishou.com/u/eluosifangkuai66
å½“ç„¶æ˜¯å®‰å¦®å–½,æ–°åŒºå†²çº§119å¥–1000ç±³,https://live.kuaishou.com/u/zhans1225,æ–°å¤©é¾™å…«éƒ¨,https://live.kuaishou.com/u/zhans1225
ç‹è€…è£è€€å°çº¯çº¯ğŸ”±,æ‰“æ¶å»å§,https://live.kuaishou.com/u/CC1111155555,ç‹è€…è£è€€,https://live.kuaishou.com/u/CC1111155555
é‡æ¢¦DNFæ€€æ—§ç‰ˆ70å¤å¤,é‡æ¢¦DNF70å¤å¤å¼ºåŠ¿æ¥è¢­,https://live.kuaishou.com/u/gzq1781681234,DNF,https://live.kuaishou.com/u/gzq1781681234
LoL-å°è¾‰è¾‰,å³¡è°·ä¹‹å·…1600åˆ†ç›²åƒ§,https://live.kuaishou.com/u/KZH16Jg1,è‹±é›„è”ç›Ÿ,https://live.kuaishou.com/u/KZH16Jg1
èˆ†è®ºçš„ç¤¾ä¼š,èˆ†è®ºçš„ç¤¾ä¼šçš„ç›´æ’­é—´,https://live.kuaishou.com/u/lin181881888,å…¶ä»–,https://live.kuaishou.com/u/lin181881888
ä¼ å¥‡å°‘å¹´ã€ç››ä¸–å†°é›ªã€‘,ä¼ å¥‡å°‘å¹´ã€ç››ä¸–å†°é›ªã€‘çš„ç›´æ’­é—´,https://live.kuaishou.com/u/oio77586,å…¶ä»–,https://live.kuaishou.com/u/oio77586
æ¢¦å¹»å†°é›ªå°æ¨Šäº’å…³,æ¢¦å¹»å†°é›ª,https://live.kuaishou.com/u/F19940121,å…¶ä»–,https://live.kuaishou.com/u/F19940121
æ²™å°˜æˆ˜ğŸ¦…ä¼ å¥‡,æ²™å°˜æˆ˜ğŸ¦…ä¼ å¥‡çš„ç›´æ’­é—´,https://live.kuaishou.com/u/Fhhffh754gfdhit,å…¶ä»–,https://live.kuaishou.com/u/Fhhffh754gfdhit
âœ”ä¼ å¥‡å¤§åˆ€âœ”ï¼ˆäº’å…³ï¼‰,ç©ä¼š,https://live.kuaishou.com/u/jg588888,å…¶ä»–,https://live.kuaishou.com/u/jg588888
ç‹è€…è£è€€å…­é‡‘ï¼ˆæŒ‡æ³•æä¿¡ï¼‰,å…­é‡‘æä¿¡,https://live.kuaishou.com/u/liujin6667,ç‹è€…è£è€€,https://live.kuaishou.com/u/liujin6667
ä¼ å¥‡æ½‡å¤§å¤§âœ¨æ˜Ÿç§‘æŠ€é›†å›¢,1åŒºå°ä¼™ä¼´ä»¬è·Ÿä¸Š~,https://live.kuaishou.com/u/xx86245100,å…¶ä»–,https://live.kuaishou.com/u/xx86245100
ç‹è€…è£è€€æ¨å°‘ï¼ˆè§£è¯´å…«æˆ’ï¼‰,å¨±ä¹æ¨å°‘æ¥äº†,https://live.kuaishou.com/u/shaohe520,ç‹è€…è£è€€,https://live.kuaishou.com/u/shaohe520
ç´«éœ„ğŸ”¥å°çŸ³å¤´,ç´«éœ„ğŸ”¥å°çŸ³å¤´çš„ç›´æ’­é—´,https://live.kuaishou.com/u/3x4ep735kv5hbve,æ–°å¤§è¯è¥¿æ¸¸2,https://live.kuaishou.com/u/3x4ep735kv5hbve
ç´«éœ„ğŸ²é¾é¾,è°æ¥ä¸æˆ‘ä¸€èµ·é›„éœ¸å¤©ä¸‹,https://live.kuaishou.com/u/l1l1O0O0l1zhu,æ–°å¤§è¯è¥¿æ¸¸2,https://live.kuaishou.com/u/l1l1O0O0l1zhu
äºŒå“¥cfç©¿è¶Šç«çº¿,cf å¿«é€Ÿ ä¸Š ç­‰çº§ å¾®ç« ,https://live.kuaishou.com/u/3xur442jizfyica,ç©¿è¶Šç«çº¿,https://live.kuaishou.com/u/3xur442jizfyica
æˆ¦å¿†95ç»å…¸DNF,ä¸Šçº¿ç‚¹åˆ¸æ—¶è£…é€é€é€é€,https://live.kuaishou.com/u/sf15555666765,DNF,https://live.kuaishou.com/u/sf15555666765
70å¤å¤ç‰ˆæœ¬ğŸ‘†ğŸ‘†ğŸ‘†,å¼‚ç•Œä¸€ä»¶æˆå¥—ï¼æ¥å§å…„å¼Ÿ,https://live.kuaishou.com/u/liaixuan998,DNF,https://live.kuaishou.com/u/liaixuan998
è‹ç©¹æ¥šæ¥š,ä¼ å¥‡æ¬ç –å¼€å§‹å’¯ï¼,https://live.kuaishou.com/u/Aichuchu927,å…¶ä»–,https://live.kuaishou.com/u/Aichuchu927
å¤§è¯è¥¿æ¸¸2ä¹±ä¸–ä¸€æˆ˜æˆå,èŠå¤©,https://live.kuaishou.com/u/gao521220,æ–°å¤§è¯è¥¿æ¸¸2,https://live.kuaishou.com/u/gao521220
ä¼ å¥‡åŒ—é¼»ï¼ˆæ­¦ç¥å†°é›ªï¼‰äº’å…³,ä»Šå¤©äºŒåŒºã€‚ç­‰å¾…å·²å¼€æ”¾,https://live.kuaishou.com/u/beibi2014444,å…¶ä»–,https://live.kuaishou.com/u/beibi2014444
ç›´æ’­ä¼ å¥‡æ³¡æ³¡ï¼ˆäº’å…³ï¼‰,çœ‹æˆ‘èƒ½æ‰“äº”ç™¾ç±³,https://live.kuaishou.com/u/paopao5421,å…¶ä»–,https://live.kuaishou.com/u/paopao5421
è¶…å“¥ï¼ˆäºšæ´²é›·ç‹ï¼‰å¤–å›½äºº,ä»Šå¤©åˆºæ¿€å–½,https://live.kuaishou.com/u/PiDan666,ç»åœ°æ±‚ç”Ÿ,https://live.kuaishou.com/u/PiDan666
DNF60å¤å¤çœ‹ç«¹å¶,æ€€å¿µ60å¤å¤,https://live.kuaishou.com/u/qqun683562942,DNF,https://live.kuaishou.com/u/qqun683562942
ä¼ å¥‡å°å“¥ï¼ˆç››ä¸–å†°é›ªï¼‰,ç››ä¸–å†°é›ª,https://live.kuaishou.com/u/xiaolin1993821,å…¶ä»–,https://live.kuaishou.com/u/xiaolin1993821
ä¼ å¥‡ä¸–ç•Œé¾™ä¹‹é£é›ª,å¤ªéš¾äº†ã€‚ã€‚ã€‚ç»ƒçº§å§,https://live.kuaishou.com/u/dianhua18961190709,ä¼ å¥‡ä¸–ç•Œ,https://live.kuaishou.com/u/dianhua18961190709
æ¢¦å¹»è¥¿æ¸¸ï¼ˆé¾™å“¥ï¼‰,æ–°åŒºæ¥å…„å¼Ÿ,https://live.kuaishou.com/u/3xjvtmsjmd844rq,æ¢¦å¹»è¥¿æ¸¸,https://live.kuaishou.com/u/3xjvtmsjmd844rq
æ¢¦å¹»è¥¿æ¸¸å°é»„èœ‚ğŸ’¥,å¤ªå¤šäº†,https://live.kuaishou.com/u/3x2tm4h73spyh5g,å…¶ä»–,https://live.kuaishou.com/u/3x2tm4h73spyh5g
Aå°å…®&,ä¹å·å¤©é¾™10å¤©ä¸€ä¸ªåŒº,https://live.kuaishou.com/u/yan15131400078,æ–°å¤©é¾™å…«éƒ¨,https://live.kuaishou.com/u/yan15131400078
å¤§ç§¦å†°é›ªå¥¥è¿ªï¼ˆäº’ï¼‰,æ¿€æƒ…å¼€å£³,https://live.kuaishou.com/u/a7981367,å…¶ä»–,https://live.kuaishou.com/u/a7981367
å’Œå¹³ç²¾è‹±æ™¨ä¸œæ˜¯å¦å¦çš„,åŠªåŠ›ä¸Šåˆ†ä¸­,https://live.kuaishou.com/u/w2551983600,å’Œå¹³ç²¾è‹±,https://live.kuaishou.com/u/w2551983600
ä¼ å¥‡å¨Ÿå¨Ÿï¼ˆç››ä¸–å†°é›ªï¼‰,ä¼ å¥‡å•¦,https://live.kuaishou.com/u/3xg49qvva35vnni,å…¶ä»–,https://live.kuaishou.com/u/3xg49qvva35vnni
é›¶ç‚¹ğŸ–ã€ç§°éœ¸æ–¹èˆŸã€‘,æ–¹èˆŸæœ€ç²¾å½©çš„æ¸¸æˆç›´æ’­,https://live.kuaishou.com/u/ld20008888,æ–¹èˆŸ,https://live.kuaishou.com/u/ld20008888
ã€é—®å®‰ã€,æ‰‹æœºç”µè„‘éƒ½èƒ½ç©,https://live.kuaishou.com/u/3xky4thngi8xesu,ä¼ å¥‡ä¸–ç•Œ,https://live.kuaishou.com/u/3xky4thngi8xesu
å…µå°æ¢¦ã€èˆªæ‹ç›´æ’­ç¬¬ä¸€äºº,æ— äººæœºæˆ·å¤–ç©ºæŠ•ğŸ˜,https://live.kuaishou.com/u/3xvksbmg56vg7ds,æˆ·å¤–,https://live.kuaishou.com/u/3xvksbmg56vg7ds
æ¢¦å¹»å†°é›ªæé€é¥,æ–°åŒºæ²™å·´å…‹æèµ·,https://live.kuaishou.com/u/wmc52105,å…¶ä»–,https://live.kuaishou.com/u/wmc52105
ä¼ å¥‡æ¸…æ¬¢ï¼ˆæ±Ÿæ¹–ç«é¾™ï¼‰,æ­¦å¸é›†åˆ,https://live.kuaishou.com/u/O3Oo3o030,å…¶ä»–,https://live.kuaishou.com/u/O3Oo3o030
æ¢¦å¹»æ‚²å‰§å“¥ã€‚,ç©ä¸€ä¼š,https://live.kuaishou.com/u/3xg5e7gw5pysg7k,æ¢¦å¹»è¥¿æ¸¸,https://live.kuaishou.com/u/3xg5e7gw5pysg7k
ä¼ å¥‡æ‰‹æ¸¸ç‹æ¢“é“­ï¼ ,3Dæ‰‹æ¸¸,https://live.kuaishou.com/u/a17614419348,å…¶ä»–,https://live.kuaishou.com/u/a17614419348
æ¨å¯å„¿ï¼ˆäº’å…³ï¼‰,180ç«é¾™æ‰‹æ¸¸æ‰“é‡‘,https://live.kuaishou.com/u/wrjj11111,å…¶ä»–,https://live.kuaishou.com/u/wrjj11111
å¼‘å¤©å¼Ÿå¼Ÿ,åå¤©ä¸€åŒºå†²çº§é€å¥–,https://live.kuaishou.com/u/shitian24858,æ–°å¤©é¾™å…«éƒ¨,https://live.kuaishou.com/u/shitian24858
ä¼ å¥‡æ‰‹æ¸¸ç«¯æ¸¸äº’é€š,ä¼ å¥‡æ‰‹æ¸¸ç«¯æ¸¸äº’é€šçš„ç›´æ’­é—´,https://live.kuaishou.com/u/wf0000001wf,ç¥é€”,https://live.kuaishou.com/u/wf0000001wf
åªšå„¿13424,å†²çº§é¢†ç‚¹æ•°,https://live.kuaishou.com/u/meier13424,æ–°å¤©é¾™å…«éƒ¨,https://live.kuaishou.com/u/meier13424
_å•Šç¥,_å•Šç¥çš„ç›´æ’­é—´,https://live.kuaishou.com/u/wll88008800,å…¶ä»–,https://live.kuaishou.com/u/wll88008800
çƒ­è¡€ä¼ å¥‡å¼ºå­ï¼ˆäº’ï¼‰,æ–°åŒº,https://live.kuaishou.com/u/Z15241304333,å…¶ä»–,https://live.kuaishou.com/u/Z15241304333
70çº§å¤å¤ç‰ˆæœ¬ğŸ‘†ğŸ»,ä½“éªŒæœ70å¤å¤ä¸Šçº¿é€ç¦åˆ©,https://live.kuaishou.com/u/3xb7iu2zv8sj6ai,DNF,https://live.kuaishou.com/u/3xb7iu2zv8sj6ai
ä¼ å¥‡æµ…ç¬‘ï¼ˆè‰¯å¿ƒä¸»æ’­ï¼‰,é€é¹¿æ‰›ç±³,https://live.kuaishou.com/u/l15241098475,å…¶ä»–,https://live.kuaishou.com/u/l15241098475
äº’é€šæ‰‹æ¸¸å°é˜¿é˜³,å¤ªå¥½ç©äº†ï¼,https://live.kuaishou.com/u/q839391370,æ¢¦å¹»è¥¿æ¸¸,https://live.kuaishou.com/u/q839391370
DNFç›´æ’­ä¸­é€é¡¶çº§SSå¥—,é€SSå¥—ç‚¹åˆ¸äº†,https://live.kuaishou.com/u/xudo666666,DNF,https://live.kuaishou.com/u/xudo666666
User_1571791706010,æ³°å±±æ³°å±±,https://live.kuaishou.com/u/3xwxxczbriuuc6q,æ–°å¤§è¯è¥¿æ¸¸2,https://live.kuaishou.com/u/3xwxxczbriuuc6q
ç™½è·¯ğŸ–ç¬å–·æ•™çˆ¶S686,ss4 èµ›å­£æ— æ•Œæˆ˜ç¥,https://live.kuaishou.com/u/hzyoye99,å’Œå¹³ç²¾è‹±,https://live.kuaishou.com/u/hzyoye99
ä¼ å¥‡å°æ˜ï¼ˆäº’å…³ï¼‰ğŸŒ¹,éœ¸é“å†°é›ªæ‰“é‡‘,https://live.kuaishou.com/u/CxMh8888,å¨±ä¹,https://live.kuaishou.com/u/CxMh8888
å¤§ç§¦ç±³è²,å¤§ç§¦å†°é›ªä»Šæ™šæ²™å·´å…‹,https://live.kuaishou.com/u/3x6f4qmsz2t5mc9,å…¶ä»–,https://live.kuaishou.com/u/3x6f4qmsz2t5mc9
DNFæ±Ÿå±±ç›´æ’­ä¸­é€å¤©ç©ºå¥—,é€SSå¥—ç‚¹åˆ¸äº†,https://live.kuaishou.com/u/Liudabao,DNF,https://live.kuaishou.com/u/Liudabao
æ‰‹æ¸¸æ¾¡å­å“¥,æ–°åŒºåˆšå¼€ä¸€ç§’ ç­‰ä½ æ¥æˆ˜,https://live.kuaishou.com/u/3x54p8fbek9z292,å…¶ä»–,https://live.kuaishou.com/u/3x54p8fbek9z292
æ¢¦å¹»å¥³æµæ°“ä¸¶,æ–°åŒºä¸€èµ·ç©,https://live.kuaishou.com/u/MHxy18697,æ¢¦å¹»è¥¿æ¸¸,https://live.kuaishou.com/u/MHxy18697
ä¼ å¥‡æ•å¤§å¤§âœ¨æ˜Ÿç§‘æŠ€é›†å›¢,æ˜Ÿé™…æ–°ç»Ÿæˆ˜,https://live.kuaishou.com/u/mdd10025,å…¶ä»–,https://live.kuaishou.com/u/mdd10025
ä¼ å¥‡æ‰‹æ¸¸:å°7å¸¦ç²‰ä¸,ç™¾å› å¿…æœ‰æœ.ä¼ å¥‡æ‰‹æ¸¸æ¥æ‰¾æˆ‘,https://live.kuaishou.com/u/yang13394498787,ä¸»æœºæ–°æ¸¸,https://live.kuaishou.com/u/yang13394498787
çƒ­è¡€ä¼ å¥‡å´äº‰ï¼ˆæ—¥æœˆä¼ å¥‡ï¼‰,æ—¥æœˆä¼ å¥‡äº”å¹´å“ç‰ŒæœåŠ¡å™¨,https://live.kuaishou.com/u/X1779977,å…¶ä»–,https://live.kuaishou.com/u/X1779977
è‘£å…ˆç”Ÿâ˜ğŸ»æ¬§å®¶,å‡102å¥–åŠ±1000,https://live.kuaishou.com/u/dc971101,æ–°å¤©é¾™å…«éƒ¨,https://live.kuaishou.com/u/dc971101
é˜¿ç¯å„¿.ğŸŒ´,10å¤©ä¸€ä¸ªåŒºå°å§å§å¸¦é˜Ÿ,https://live.kuaishou.com/u/3xnknusysakkhbq,æ–°å¤©é¾™å…«éƒ¨,https://live.kuaishou.com/u/3xnknusysakkhbq
å¤å¤ä¼ å¥‡æ‰‹æ¸¸,å¤å¤ä¼ å¥‡æ‰‹æ¸¸çš„ç›´æ’­é—´,https://live.kuaishou.com/u/youxin3975,ç¥é€”,https://live.kuaishou.com/u/youxin3975
åŒ—æµ·âœ¨ç‹è€…è£è€€è‹±é›„è”ç›Ÿ,å›½æœç¬¬ä¸€å­™æ‚Ÿç©ºæŒ‘æˆ˜æˆ‘ï¼Ÿ,https://live.kuaishou.com/u/ksbeihai666,ç‹è€…è£è€€,https://live.kuaishou.com/u/ksbeihai666
å¤©é¾™å…«éƒ¨:ç†Šå¤§,æˆ‘èƒ¡æ±‰ä¸‰å›æ¥äº†,https://live.kuaishou.com/u/xiongshu8888,æ–°å¤©é¾™å…«éƒ¨,https://live.kuaishou.com/u/xiongshu8888
