来源,评论数,发布时间,标题,详情页地址
 央视网新闻 ⋅, 285评论 ⋅, 刚刚,习近平在上海考察时强调 深入学习贯彻党的十九届四中全会精神 提高社会主义现代化国际大都市治理能力和水平,https://www.toutiao.com/group/6755051771762049543/
 新华网客户端 ⋅, 413评论 ⋅, 10分钟前,习近平将出席第二届中国国际进口博览会开幕式并发表主旨演讲 广播电视新闻网站现场直播,https://www.toutiao.com/group/6755027051893228039/
 红星新闻 ⋅, 29评论 ⋅, 20分钟前,英国货车藏尸案：受害者尸骨未寒 新的偷渡者已经上路,https://www.toutiao.com/group/6755003735950230019/
 澎湃新闻 ⋅, 12评论 ⋅, 30分钟前,拒绝“刷脸”入园，法学博士起诉动物世界,https://www.toutiao.com/group/6755009264600744456/
 环球网 ⋅, 26评论 ⋅, 40分钟前,微软全新Windows 10X细节一览,https://www.toutiao.com/group/6754904052045185550/
 ETtoday星光云 ⋅, 评论 ⋅, 50分钟前,台下狂叫李先生杨丞琳笑了：谁准你乱叫名字,https://www.toutiao.com/group/6754921202952700429/
 译眼看美洲 ⋅, 10评论 ⋅, 1小时前,西班牙14岁少女被侵犯，法院只判定被虐待，因她失去知觉没有反抗,https://www.toutiao.com/group/6754949014820487688/
 IT之家 ⋅, 293评论 ⋅, 1小时前,就联想小新Pro 13固态硬盘混用一事，官方回应,https://www.toutiao.com/group/6754925919661457923/
 悠悠闲云 ⋅, 12评论 ⋅, 1小时前,看明星面对谣言和负评的反应，王凯的回应姿势堪称教科书级别,https://www.toutiao.com/group/6754733043379864068/
 中国新闻周刊 ⋅, 95评论 ⋅, 1小时前,号召员工擦手只用一张纸，百度穷了？,https://www.toutiao.com/group/6755034115604480515/
 新京报 ⋅, 21评论 ⋅, 1小时前,俄罗斯新秀携手崛起，包揽花滑大奖赛前3站女单冠军,https://www.toutiao.com/group/6754866761276850702/
 澎湃新闻 ⋅, 71评论 ⋅, 1小时前,国内至少有10个城市仅三个季度便达成GDP超万亿目标,https://www.toutiao.com/group/6755043805935698445/
 长安街知事 ⋅, 44评论 ⋅, 1小时前,特朗普缺席的重要峰会上，邻国领导人接连力挺中国,https://www.toutiao.com/group/6755013222824149511/
 青岛新闻网 ⋅, 249评论 ⋅, 2小时前,忘了他吧我开大罐车养你！山东一罐车车身写土味情话，成功引起交警注意,https://www.toutiao.com/group/6754889089893270024/
 澎湃新闻 ⋅, 6评论 ⋅, 2小时前,李佳琦独家回应不粘锅直播翻车：没按说明书操作，欢迎监管,https://www.toutiao.com/group/6755065325370212877/
 独角鲸工作坊 ⋅, 10评论 ⋅, 2小时前,俄罗斯一航班视频曝光：机长放手让女友驾驶客机，还在边上指导,https://www.toutiao.com/group/6754978954869735944/
 欧洲新鲜事 ⋅, 4评论 ⋅, 2小时前,泰国人学中国网红做直播！德国人“偷师”电商，欲做下一个马云？,https://www.toutiao.com/group/6754367192763990536/
 央视新闻 ⋅, 42评论 ⋅, 2小时前,我新任驻加拿大大使丛培武向加总督递交国书,https://www.toutiao.com/group/6754871469068517895/
 北晚新视觉网 ⋅, 126评论 ⋅, 2小时前,14岁女生发明液体创可贴，获评美国顶尖青年科学家，人生格言是啥？,https://www.toutiao.com/group/6754733234229084679/
 哈哈竞 ⋅, 55评论 ⋅, 2小时前,短道速滑世界杯美国站武大靖无缘500米领奖台 范可新摔倒未进决赛,https://www.toutiao.com/group/6754839405938082312/
 澎湃新闻 ⋅, 1评论 ⋅, 2小时前,进博会探营｜还未开幕，已有公司对首件进馆展品表明采购意向,https://www.toutiao.com/group/6755061419542053389/
 观察者网 ⋅, 1评论 ⋅, 2小时前,谋求连任，特朗普将邀福音传道者加入白宫,https://www.toutiao.com/group/6754908500729528846/
 中国政府网 ⋅, 35评论 ⋅, 2小时前,这个词在上合总理会联合公报中出现了30次,https://www.toutiao.com/group/6754876011743019527/
 环球网 ⋅, 1评论 ⋅, 2小时前,中兴刘金龙：强化自主创新 助力推进5G商用进程,https://www.toutiao.com/group/6754734845659709966/
 第一财经 ⋅, 40评论 ⋅, 2小时前,前三季城市GDP20强：京沪超2万亿元，成都南京增速快,https://www.toutiao.com/group/6755009294124466702/
 北京大兴 ⋅, 2评论 ⋅, 3小时前,热烈祝贺！青云店小伙荣立 “国庆70周年阅兵”三等功！,https://www.toutiao.com/group/6754987068906013192/
 经济观察报 ⋅, 182评论 ⋅, 3小时前,国产阿尔茨海默病新药GV-971获准上市！累计投入30亿元、填补17年无新药空白,https://www.toutiao.com/group/6754721191455359499/
 中国青年网 ⋅, 456评论 ⋅, 3小时前,英国极端天气摧毁果园 成千上万个苹果漂浮在水上,https://www.toutiao.com/group/6754876663885988365/
 长江日报 ⋅, 66评论 ⋅, 3小时前,武汉斗鱼在北极建成首个中国直播站点！全球网友可24小时看北极风光,https://www.toutiao.com/group/6754735734109766151/
 环球网 ⋅, 24评论 ⋅, 3小时前,弹劾调查升级！最新民调：半数美国人支持弹劾特朗普,https://www.toutiao.com/group/6754887009770144269/
 每日经济新闻 ⋅, 1评论 ⋅, 3小时前,德国驻成都副总领事付安仕：包豪斯的价值在于让人们关注真正重要的事物,https://www.toutiao.com/group/6755016831850775044/
 娱乐资本论 ⋅, 3评论 ⋅, 3小时前,影视人图鉴：毕业即失业，转行又彷徨,https://www.toutiao.com/group/6754960671831491075/
 泡泡网 ⋅, 34评论 ⋅, 3小时前,天猫双11最新战报：华为荣耀销量暴涨，小米让人担忧,https://www.toutiao.com/group/6754974761450734094/
 新华社 ⋅, 6评论 ⋅, 3小时前,涉嫌猥亵罪！江苏省女足青年队主教练陈广红被逮捕,https://www.toutiao.com/group/6754869436932424199/
 观察者网 ⋅, 1485评论 ⋅, 3小时前,苏格兰首席大臣：独立近在咫尺,https://www.toutiao.com/group/6754726566799868430/
 中国新闻网 ⋅, 2评论 ⋅, 3小时前,2019南昌飞行大会开幕 上演航空视觉盛宴,https://www.toutiao.com/group/6754882541922025998/
 北京日报客户端 ⋅, 评论 ⋅, 3小时前,“三千年而一泄其密”，120年识读三分之一：甲骨文，中华文明之光,https://www.toutiao.com/group/6754967164706357773/
 中国基金报 ⋅, 25评论 ⋅, 4小时前,今年你涨工资了吗？北京、上海、山东等地企业工资指导线来了,https://www.toutiao.com/group/6754926550598058509/
 会火 ⋅, 25评论 ⋅, 4小时前,湖南台花旦参选央视主持人，力压中传学霸晋级，是实力还是噱头？,https://www.toutiao.com/group/6754994785930478088/
 泡泡网 ⋅, 14评论 ⋅, 4小时前,锤子创始人被限制消费，老罗有点惨,https://www.toutiao.com/group/6755007724418777613/
 北京日报客户端 ⋅, 评论 ⋅, 4小时前,冬天暖气管爆裂不用愁，总工会最高赔您一万元,https://www.toutiao.com/group/6755062020485169677/
 IT之家 ⋅, 2评论 ⋅, 4小时前,Tt推出新款RGB内存条：最高4400MHz，10层PCB,https://www.toutiao.com/group/6754962310629949956/
 环球网 ⋅, 86评论 ⋅, 4小时前,民主党总统参选人奥罗克退选，特朗普：他像狗一样离开,https://www.toutiao.com/group/6754924820711866888/
 浙江新闻 ⋅, 74评论 ⋅, 4小时前,重要提示！部分iPhone如果不升级 就会变成砖头,https://www.toutiao.com/group/6755002389482177037/
 北京日报客户端 ⋅, 2评论 ⋅, 4小时前,'双11'前价格先涨后降？NO！北京5部门联合行动,https://www.toutiao.com/group/6754912556885737998/
 每日经济新闻 ⋅, 评论 ⋅, 4小时前,平均月薪1.6万，1个区块链职位竟引来7个人抢,https://www.toutiao.com/group/6754956090976240132/
 观察者网 ⋅, 13评论 ⋅, 4小时前,马里军营遇袭致54死，IS宣称负责,https://www.toutiao.com/group/6754873594548847115/
 IT之家 ⋅, 4评论 ⋅, 4小时前,大容量固态迎来普及，西数出货96层3D QLC SSD,https://www.toutiao.com/group/6754940874657890819/
 央视网新闻 ⋅, 285评论 ⋅, 1分钟前,习近平在上海考察时强调 深入学习贯彻党的十九届四中全会精神 提高社会主义现代化国际大都市治理能力和水平,https://www.toutiao.com/group/6755051771762049543/
 新华网客户端 ⋅, 413评论 ⋅, 11分钟前,习近平将出席第二届中国国际进口博览会开幕式并发表主旨演讲 广播电视新闻网站现场直播,https://www.toutiao.com/group/6755027051893228039/
 红星新闻 ⋅, 29评论 ⋅, 21分钟前,英国货车藏尸案：受害者尸骨未寒 新的偷渡者已经上路,https://www.toutiao.com/group/6755003735950230019/
 澎湃新闻 ⋅, 12评论 ⋅, 31分钟前,拒绝“刷脸”入园，法学博士起诉动物世界,https://www.toutiao.com/group/6755009264600744456/
